load_level,peak_power_w,avg_power_w,total_energy_j,ttft_s,total_duration_s,output_tokens
128,221.866,177.7389604743083,2315.301774888181,0.052708948999679706,13.000425957000061,512
256,223.803,178.85761264822136,2327.3753106608865,0.051268572000026325,12.97078542600002,512
512,313.302,180.00522957198442,2377.510100867605,0.0548111240000253,13.18036520600026,512
1024,191.848,183.18867588932807,2386.537800494051,0.05213235499968505,12.999068971999804,512
2048,192.46,184.60245275590552,2409.335990479422,0.051718846000312624,13.03430771300009,512
