batch_size,decoding_only_ms,decoding_with_prefill_ms,prefill_slowdown_ms
1,114.66904999997496,111.90742700000555,-2.761622999969404
10,125.08389600043301,108.65408699919499,-16.429809001238027
20,117.99642000005406,109.15554000075645,-8.840879999297613
30,119.77594600011798,116.85521900017193,-2.920726999946055
40,114.77951999950164,116.99210000006133,2.212580000559683
50,115.21121999976458,117.217418999644,2.006198999879416
60,123.7313070005257,119.30267600018851,-4.428631000337191
70,122.9809030000979,117.47855900011928,-5.502343999978621
80,121.97097599982953,121.21731499973976,-0.7536610000897781
90,119.36089699975128,122.12829700001748,2.767400000266207
100,124.40821299969684,124.85823299994081,0.45002000024396693
110,126.1849729999085,124.19419099933293,-1.9907820005755639
120,126.89220299944282,127.18060999941372,0.2884069999709027
