phase,frequency_mhz,duration_s,ttft_s,tpot_s,avg_power_w,peak_power_w,total_energy_j,throughput_tps,j_per_token,total_output_tokens,tpj,input_tokens,repeat_count
E2E,500,23.4922,5.9255,0.068779,56.51,88.22,1330.8692,10.9,5.1987,256,0.1924
E2E,700,15.922,4.1587,0.04608,70.05,109.56,1120.4752,16.08,4.3769,256,0.2285
E2E,900,11.436,3.3319,0.031791,87.52,141.96,1007.5029,22.39,3.9356,256,0.2541
E2E,1100,10.1333,2.7456,0.029,104.16,113.94,1063.3536,25.26,4.1537,256,0.2407
E2E,1300,9.3683,2.4123,0.027107,147.22,260.26,1390.3734,27.33,5.4311,256,0.1841
E2E,1500,8.7723,2.1886,0.02587,187.98,277.29,1663.63,29.18,6.4986,256,0.1539
