phase,frequency_mhz,duration_s,ttft_s,tpot_s,avg_power_w,peak_power_w,total_energy_j,throughput_tps,j_per_token,total_output_tokens,tpj,input_tokens,repeat_count
E2E,750,14.4967,3.9368,0.041335,76.08,122.61,1108.2754,17.66,4.3292,256,0.231
E2E,800,12.9061,3.6405,0.036171,80.21,127.96,1041.5512,19.84,4.0686,256,0.2458
E2E,850,12.0391,3.4629,0.033607,84.02,133.71,1017.9275,21.26,3.9763,256,0.2515
E2E,950,11.0016,3.1379,0.030775,93.6,152.55,1037.8755,23.27,4.0542,256,0.2467
E2E,1000,10.6254,2.9302,0.030032,102.3,162.26,1096.0141,24.09,4.2813,256,0.2336
E2E,1050,10.3744,2.8667,0.029539,107.42,133.31,1124.475,24.68,4.3925,256,0.2277
