phase,frequency_mhz,duration_s,ttft_s,tpot_s,avg_power_w,peak_power_w,total_energy_j,throughput_tps,j_per_token,total_output_tokens
E2E,700,15.923,3.9361,0.046885,70.55,111.92,1128.4388,16.08,4.408,256
E2E,900,11.134,3.0047,0.03191,88.4,137.11,990.6331,22.99,3.8697,256
E2E,1100,9.8984,2.4643,0.029108,107.28,142.94,1069.971,25.86,4.1796,256
E2E,1300,8.9907,2.0966,0.027195,149.28,252.68,1353.2525,28.47,5.2861,256
E2E,1410,8.6873,1.9804,0.026453,171.91,271.68,1506.2829,29.47,5.8839,256
E2E,1500,8.4645,1.8967,0.025918,192.42,284.05,1643.2157,30.24,6.4188,256
