batch_size,decoding_only_ms,decoding_with_prefill_ms,prefill_slowdown_ms
1,27.000904000033188,26.71026100006202,-0.29064299997116905
10,28.756280000379775,80.0549929999761,51.29871299959632
20,28.43414400012989,35.54369299990867,7.109548999778781
30,59.66244799992637,34.81950099967435,-24.842947000252025
40,48.90917400007311,75.67612100001497,26.766946999941865
50,53.95938500032571,98.08412900019903,44.12474399987332
60,62.98092600036398,107.21206099970004,44.231134999336064
70,59.837498999968375,138.28772199985906,78.45022299989068
80,80.5290020002758,427.60949200010145,347.08048999982566
90,5.28702700012218,5.302782999933697,0.01575599981151754
100,60.302970000066125,186.9390960000601,126.63612599999396
110,100.940516999799,106.3215610001862,5.381044000387192
120,106.4710840000771,105.32104599997183,-1.150038000105269
