freq_mhz,batch_size,duration_s,ttft_s,tpot_s,avg_power_w,peak_power_w,total_energy_j,throughput_tps,j_per_token,tpj,total_output_tokens
210,1,49.9799,18.8861,0.242921,33.84,43.93,1691.5151,2.56,13.215,0.0757,128
210,4,140.3394,57.7388,0.645318,31.9,44.41,4476.692,3.65,8.7435,0.1144,512
210,8,256.1387,110.7001,1.136239,31.54,44.41,8077.7467,4.0,7.8884,0.1268,1024
210,16,489.7046,208.5237,2.196726,31.33,44.41,15341.5381,4.18,7.491,0.1335,2048
630,1,11.7624,4.4447,0.057346,65.67,102.62,775.2669,10.88,6.0568,0.1651,128
630,4,29.6875,12.2141,0.136529,61.28,105.53,1820.7856,17.25,3.5562,0.2812,512
630,8,50.7883,21.9501,0.225267,59.23,95.33,3011.872,20.16,2.9413,0.34,1024
630,16,94.6279,40.294,0.424155,59.03,95.82,5590.4997,21.64,2.7297,0.3663,2048
1050,1,6.2891,2.5642,0.029319,98.26,155.74,622.7181,20.35,4.865,0.2056,128
1050,4,15.8713,7.0283,0.069167,94.27,172.11,1499.5954,32.26,2.9289,0.3414,512
1050,8,28.2887,12.4277,0.123905,92.69,171.63,2620.5684,36.2,2.5591,0.3908,1024
1050,16,52.726,22.7956,0.233164,92.97,170.66,4888.6997,38.84,2.3871,0.4189,2048
1470,1,5.2159,1.9065,0.026084,162.0,248.8,855.863,24.54,6.6864,0.1496,128
1470,4,12.3567,5.2034,0.056003,168.98,285.12,2096.6179,41.43,4.095,0.2442,512
1470,8,21.4547,9.1843,0.095578,173.29,284.16,3731.0077,47.73,3.6436,0.2745,1024
1470,16,39.4811,16.8431,0.17635,180.87,286.57,7152.9209,51.87,3.4926,0.2863,2048
