workload,input_tokens,output_tokens,sweet_spot_freq_mhz,sweet_spot_tpj,sweet_spot_duration_s,slo_s,slo_met_all_freq,min_freq_slo_met
SS,64,64,900,6.808690666666667,5.415866666666666,8.0,1,750.0
SL,64,512,900,7.546944,46.95256666666666,8.0,0,
LS,1024,64,900,1.1245016666666665,35.608666666666664,8.0,0,
LL,1024,512,850,2.969885333333333,136.2802,8.0,0,
