phase,frequency_mhz,duration_s,ttft_s,tpot_s,avg_power_w,peak_power_w,total_energy_j,throughput_tps,j_per_token,total_output_tokens,tpj,input_tokens,concurrency,backlog_requests,finished_requests,repeat_count
Decode,800,21.1105,0.5106,0.080468,91.99,114.94,1946.068,776.11,0.1188,16384,8.419,192,16,64,64,1
Decode,900,18.7176,0.3419,0.07178,100.87,112.6,1896.3508,875.33,0.1157,16384,8.6398,192,16,64,64,1
Decode,1000,16.7029,0.3393,0.06392,115.83,132.47,1944.4411,980.91,0.1187,16384,8.4261,192,16,64,64,1
Decode,1100,15.3898,0.3373,0.058799,133.54,152.93,2067.1918,1064.6,0.1262,16384,7.9257,192,16,64,64,1
Decode,1200,14.2264,0.4323,0.053883,155.16,200.52,2222.0464,1151.66,0.1356,16384,7.3734,192,16,64,64,1
