phase,frequency_mhz,duration_s,ttft_s,tpot_s,avg_power_w,peak_power_w,total_energy_j,throughput_tps,j_per_token,total_output_tokens,tpj,input_tokens,concurrency,backlog_requests,finished_requests,repeat_count
Prefill,800,14.9416,12.6261,2.315556,111.15,150.31,1671.7419,2677.09,0.0418,64,23.9271,40000,16,64,64,1
Prefill,900,13.3111,11.235,2.076116,122.91,168.98,1652.0635,3005.01,0.0413,64,24.2121,40000,16,64,64,1
Prefill,1000,11.882,10.0287,1.853352,141.4,194.85,1689.767,3366.44,0.0422,64,23.6719,40000,16,64,64,1
Prefill,1100,10.9681,9.2742,1.693864,167.84,232.72,1862.9971,3646.94,0.0466,64,21.4708,40000,16,64,64,1
Prefill,1200,10.0901,8.5188,1.57129,195.25,267.76,1998.4623,3964.28,0.05,64,20.0154,40000,16,64,64,1
