phase,frequency_mhz,duration_s,ttft_s,tpot_s,avg_power_w,peak_power_w,avg_voltage_mv,peak_voltage_mv,total_energy_j,throughput_tps,j_per_token,total_output_tokens,tpj,input_tokens,repeat_count
E2E,750,28.0063,6.346,0.084601,75.22,120.03,,,2112.5265,815.82,0.0925,4096,10.8156,18752,3
E2E,800,25.1043,5.8538,0.075119,81.45,129.11,,,2051.4532,910.12,0.0898,4096,11.1376,18752,3
E2E,850,23.2751,5.4876,0.069541,85.59,135.34,,,1999.1217,981.65,0.0875,4096,11.4292,18752,3
E2E,900,22.2878,5.2229,0.066669,89.06,141.16,,,1991.6563,1025.13,0.0872,4096,11.4719,18752,3
E2E,950,21.2317,4.9395,0.063646,93.68,148.12,,,2000.9422,1076.13,0.0876,4096,11.4187,18752,3
E2E,1000,20.3639,4.6562,0.061437,100.62,161.16,,,2061.6804,1121.99,0.0902,4096,11.0823,18752,3
E2E,1050,19.809,4.4692,0.059913,109.67,170.9,,,2189.6247,1153.41,0.0958,4096,10.4349,18752,3
E2E,1100,19.2221,4.294,0.058386,96.98,163.17,,,1871.7438,1188.63,0.0819,4096,12.2071,18752,3
E2E,1150,18.5524,4.0821,0.056539,117.11,198.97,,,2183.2967,1231.54,0.0956,4096,10.4654,18752,3
E2E,1200,18.0696,3.9409,0.055189,125.81,216.0,,,2283.348,1264.44,0.0999,4096,10.0064,18752,3
E2E,1250,17.6208,3.8032,0.053969,134.75,235.82,,,2385.8394,1296.65,0.1044,4096,9.5766,18752,3
E2E,1300,17.0808,3.6549,0.052506,152.19,264.83,,,2611.0284,1337.64,0.1143,4096,8.7507,18752,3
