phase,frequency_mhz,duration_s,ttft_s,tpot_s,avg_power_w,peak_power_w,avg_voltage_mv,peak_voltage_mv,total_energy_j,throughput_tps,j_per_token,total_output_tokens,tpj,input_tokens,repeat_count
E2E,750,9.3655,0.2713,0.035591,84.53,112.41,,,798.1207,94.07,0.9059,256,1.104,625,3
E2E,800,7.9454,0.2531,0.030118,91.03,115.34,,,730.0928,110.88,0.8287,256,1.2067,625,3
E2E,850,7.5366,0.2381,0.028736,94.03,117.42,,,715.8004,116.9,0.8125,256,1.2308,625,3
E2E,900,7.1584,0.2265,0.027083,97.87,121.08,,,708.0226,123.07,0.8037,256,1.2443,625,3
E2E,950,6.8537,0.2143,0.026147,100.79,130.28,,,698.4186,128.54,0.7927,256,1.2614,625,3
E2E,1000,6.7762,0.2021,0.025684,105.2,138.65,,,720.7967,130.01,0.8182,256,1.2222,625,3
E2E,1050,6.6234,0.1941,0.025371,107.62,145.53,,,720.9777,133.01,0.8184,256,1.222,625,3
E2E,1100,6.5729,0.1864,0.025114,113.49,161.6,,,754.5324,134.04,0.8564,256,1.1676,625,3
E2E,1150,6.5245,0.178,0.024955,117.98,167.98,,,778.658,135.03,0.8838,256,1.1315,625,3
E2E,1200,6.4203,0.1714,0.024553,124.75,190.66,,,810.3751,137.23,0.9199,256,1.0872,625,3
E2E,1250,6.4221,0.1658,0.024544,130.77,203.37,,,849.6651,137.19,0.9644,256,1.0369,625,3
E2E,1300,6.3703,0.1594,0.024379,142.87,221.15,,,921.013,138.3,1.0454,256,0.9567,625,3
