phase,frequency_mhz,duration_s,ttft_s,tpot_s,avg_power_w,peak_power_w,total_energy_j,throughput_tps,j_per_token,total_output_tokens,input_tokens,concurrency,backlog_requests,finished_requests,repeat_count,tpj
Decode,700,226.1844,15.1813,0.22082,62.76,113.97,14197.9192,289.75,0.2166,65536,40000,16,64,64,1,4.6159
Prefill,700,15.2157,15.1813,0.0,95.57,130.05,1449.3923,2628.86,0.0362,0,40000,16,64,64,1,27.5978
Decode,750,208.6785,13.8301,0.203651,66.63,125.12,13906.2927,314.05,0.2122,65536,40000,16,64,64,1,4.7127
Prefill,750,13.8318,13.8301,0.0,103.73,135.78,1432.8774,2891.89,0.0358,0,40000,16,64,64,1,27.9159
Decode,800,193.35,12.6356,0.188745,70.38,135.87,13611.414,338.95,0.2077,65536,40000,16,64,64,1,4.8148
Prefill,800,12.6809,12.6356,0.0,110.32,151.18,1396.5501,3154.36,0.0349,0,40000,16,64,64,1,28.642
Decode,850,181.4013,11.8425,0.177056,73.72,142.46,13379.8153,361.28,0.2042,65536,40000,16,64,64,1,4.8981
Prefill,850,11.8948,11.8425,0.0,117.58,161.35,1398.4256,3362.83,0.035,0,40000,16,64,64,1,28.6036
Decode,900,172.5773,11.2687,0.168436,76.19,149.24,13150.4429,379.75,0.2007,65536,40000,16,64,64,1,4.9836
Prefill,900,11.3009,11.2687,0.0,123.63,168.01,1395.0439,3539.54,0.0349,0,40000,16,64,64,1,28.6729
Decode,950,163.2203,10.6548,0.159349,79.46,157.09,12972.0865,401.52,0.1979,65536,40000,16,64,64,1,5.0521
Prefill,950,10.7243,10.6548,0.0,130.65,172.85,1399.4123,3729.86,0.035,0,40000,16,64,64,1,28.5834
Decode,1000,153.8184,10.0831,0.150139,87.17,171.51,13409.2413,426.06,0.2046,65536,40000,16,64,64,1,4.8874
Prefill,1000,10.096,10.0831,0.0,141.38,196.91,1428.3453,3961.95,0.0357,0,40000,16,64,64,1,28.0044
Decode,1050,147.5674,9.677,0.144043,92.98,186.28,13721.5228,444.11,0.2094,65536,40000,16,64,64,1,4.7761
Prefill,1050,9.7374,9.677,0.0,153.86,210.31,1497.5327,4107.85,0.0374,0,40000,16,64,64,1,26.7106
Decode,1100,141.6543,9.2884,0.13827,102.1,205.48,14464.4725,462.65,0.2207,65536,40000,16,64,64,1,4.5308
Prefill,1100,9.3405,9.2884,0.0,171.45,232.87,1598.6355,4282.4,0.04,0,40000,16,64,64,1,25.0213
